{"cameraMode":{"drawMode":0,"name":"Shaded","section":"Shading Mode"},"sceneLighting":true,"audioPlay":false,"sceneViewState":{"showFog":true,"showMaterialUpdate":false,"showSkybox":true,"showFlares":true,"showImageEffects":true,"showParticleSystems":true},"in2DMode":false,"pivot":{"x":2.1413135528564455,"y":2.4071617126464845,"z":0.8043169975280762},"rotation":{"x":-0.12216409295797348,"y":0.8320160508155823,"z":-0.20255886018276215,"w":-0.5017925500869751},"size":5.819841384887695,"orthographic":false}